problem_size 	 input 	 counts 	 output 
1048576 	0.021218	0.008054	0.007540	
2097152 	0.029506	0.011185	0.010444	
4194304 	0.041667	0.015781	0.014792	
8388608 	0.061725	0.022982	0.021383	
16777216 	0.099042	0.042132	0.041939	
33664432 	0.198561	0.084535	0.084075	
67108864 	0.398626	0.169057	0.167617	
134217728 	0.795822	0.337028	0.335250	
268435456 	1.590190	0.696946	0.701125	
536870912 	3.176097	1.450171	1.378579	
1073741824 	6.351734	2.846343	2.817639	

